,Supplier_Lead_Time,Inventory_Levels,Order_Frequency,Delivery_Performance,Cost_Per_Unit
Supplier_Lead_Time,1,0.435263297,-0.898311842,-0.893230325,0.968011244
Inventory_Levels,0.435263297,1,-0.493149959,-0.362947139,0.360051188
Order_Frequency,-0.898311842,-0.493149959,1,0.760123136,-0.850536034
Delivery_Performance,-0.893230325,-0.362947139,0.760123136,1,-0.911736148
Cost_Per_Unit,0.968011244,0.360051188,-0.850536034,-0.911736148,1
